{"count":1,"self":1.083076,"total":74.764284,"children":{"InitializeActuators":{"count":1,"self":0.002084,"total":0.002084,"children":null},"InitializeSensors":{"count":1,"self":0.0010999999999999998,"total":0.0010999999999999998,"children":null},"AgentSendState":{"count":101,"self":0.0024679999999999997,"total":11.123744,"children":{"CollectObservations":{"count":101,"self":0.00022099999999999998,"total":0.00022099999999999998,"children":null},"WriteActionMask":{"count":101,"self":0.00064899999999999995,"total":0.00064899999999999995,"children":null},"RequestDecision":{"count":101,"self":0.00214,"total":11.120406,"children":{"AgentInfo.ToProto":{"count":101,"self":0.001571,"total":11.118266,"children":{"GenerateSensorData":{"count":101,"self":0.032319,"total":11.116695,"children":{"CameraSensor.GetCompressedObservation":{"count":808,"self":11.084375999999999,"total":11.084375999999999,"children":null}}}}}}}}},"DecideAction":{"count":101,"self":62.545215999999996,"total":62.545213999999994,"children":null},"AgentAct":{"count":101,"self":0.006614,"total":0.006614,"children":null}},"gauges":{},"metadata":{"timer_format_version":"0.1.0","start_time_seconds":"1614081562","unity_version":"2019.4.20f1","command_line_arguments":"\/home\/soya\/Unity\/kudos_vision_simulator\/.\/Linux_build\/kudos_vision_simulator.x86_64 --mlagents-port 5005","communication_protocol_version":"1.3.0","com.unity.ml-agents_version":"1.7.2-preview","scene_name":"Scene","end_time_seconds":"1614081636"}}