{"count":1,"self":5.0495671999999994,"total":14760.4073163,"children":{"InitializeActuators":{"count":1,"self":0.0019946,"total":0.0019946,"children":null},"InitializeSensors":{"count":1,"self":0.00099739999999999985,"total":0.00099739999999999985,"children":null},"AgentSendState":{"count":3502,"self":0.0321927,"total":356.9277904,"children":{"CollectObservations":{"count":3502,"self":0.0009965,"total":0.0009965,"children":null},"WriteActionMask":{"count":3502,"self":0.0025033,"total":0.0025033,"children":null},"RequestDecision":{"count":3502,"self":0.011598299999999999,"total":356.8920979,"children":{"AgentInfo.ToProto":{"count":3502,"self":0.0109345,"total":356.8804996,"children":{"GenerateSensorData":{"count":3502,"self":2.8214194,"total":356.8695651,"children":{"CameraSensor.GetCompressedObservation":{"count":38522,"self":354.0481536,"total":354.04814569999996,"children":null}}}}}}}}},"DecideAction":{"count":3502,"self":14398.165811199999,"total":14398.166316899998,"children":null},"AgentAct":{"count":3502,"self":0.25097769999999997,"total":0.25097769999999997,"children":null}},"gauges":{},"metadata":{"timer_format_version":"0.1.0","start_time_seconds":"1614342646","unity_version":"2019.4.20f1","command_line_arguments":"D:\\program\\git_project\\-kudos-vision_simulator\\.\/Build\/-kudos-vision_simulator.exe --mlagents-port 5005","communication_protocol_version":"1.3.0","com.unity.ml-agents_version":"1.7.2-preview","scene_name":"Scene","end_time_seconds":"1614357406"}}