{"count":1,"self":2.1765703999999997,"total":7523.6783800999992,"children":{"InitializeActuators":{"count":1,"self":0.0029920999999999997,"total":0.0029920999999999997,"children":null},"InitializeSensors":{"count":1,"self":0.00099739999999999985,"total":0.00099739999999999985,"children":null},"AgentSendState":{"count":1502,"self":0.005987,"total":102.2776205,"children":{"CollectObservations":{"count":1502,"self":0.0009965,"total":0.0009965,"children":null},"WriteActionMask":{"count":1502,"self":0.0020207,"total":0.0020207,"children":null},"RequestDecision":{"count":1502,"self":0.010067399999999999,"total":102.26861629999999,"children":{"AgentInfo.ToProto":{"count":1502,"self":0.0099407,"total":102.2585489,"children":{"GenerateSensorData":{"count":1502,"self":0.9661221,"total":102.24860819999999,"children":{"CameraSensor.GetCompressedObservation":{"count":9012,"self":101.2824832,"total":101.2824861,"children":null}}}}}}}}},"DecideAction":{"count":1502,"self":7419.1290368,"total":7419.1288306,"children":null},"AgentAct":{"count":1502,"self":0.069533,"total":0.069533,"children":null}},"gauges":{},"metadata":{"timer_format_version":"0.1.0","start_time_seconds":"1613736952","unity_version":"2019.4.20f1","command_line_arguments":"D:\\program\\git_project\\-kudos-vision_simulator\\.\/Build\/-kudos-vision_simulator.exe --mlagents-port 5005","communication_protocol_version":"1.3.0","com.unity.ml-agents_version":"1.7.2-preview","scene_name":"Scene","end_time_seconds":"1613744475"}}